{
  "format": "web-program-pre1",
  "manifest": [
    {
      "path": "76e6617371910191b22ab1d82e25b4b1e944d13a.js",
      "where": "client",
      "type": "js",
      "cacheable": true,
      "url": "/76e6617371910191b22ab1d82e25b4b1e944d13a.js",
      "size": 414747,
      "hash": "76e6617371910191b22ab1d82e25b4b1e944d13a"
    },
    {
      "path": "7978f8e0718e563c0c261b865ccd0b811abf49ce.css",
      "where": "client",
      "type": "css",
      "cacheable": true,
      "url": "/7978f8e0718e563c0c261b865ccd0b811abf49ce.css?meteor_css_resource=true",
      "size": 114214,
      "hash": "7978f8e0718e563c0c261b865ccd0b811abf49ce"
    },
    {
      "path": "packages/mizzao_bootstrap-3/bootstrap-3/fonts/glyphicons-halflings-regular.eot",
      "where": "client",
      "type": "asset",
      "cacheable": false,
      "url": "/packages/mizzao_bootstrap-3/bootstrap-3/fonts/glyphicons-halflings-regular.eot",
      "size": 20335,
      "hash": "f3a9a3b609133c3d21d6b42abbf7f43bd111df72"
    },
    {
      "path": "packages/mizzao_bootstrap-3/bootstrap-3/fonts/glyphicons-halflings-regular.ttf",
      "where": "client",
      "type": "asset",
      "cacheable": false,
      "url": "/packages/mizzao_bootstrap-3/bootstrap-3/fonts/glyphicons-halflings-regular.ttf",
      "size": 41280,
      "hash": "aafafdc09404c4aa4447d7e898a2183def9cc1b1"
    },
    {
      "path": "packages/mizzao_bootstrap-3/bootstrap-3/fonts/glyphicons-halflings-regular.svg",
      "where": "client",
      "type": "asset",
      "cacheable": false,
      "url": "/packages/mizzao_bootstrap-3/bootstrap-3/fonts/glyphicons-halflings-regular.svg",
      "size": 62926,
      "hash": "66b1fc67e37d01ee45ca75c4eefb144d2dbe98fa"
    },
    {
      "path": "packages/mizzao_bootstrap-3/bootstrap-3/fonts/glyphicons-halflings-regular.woff",
      "where": "client",
      "type": "asset",
      "cacheable": false,
      "url": "/packages/mizzao_bootstrap-3/bootstrap-3/fonts/glyphicons-halflings-regular.woff",
      "size": 23320,
      "hash": "22037a3455914e5662fa51a596677bdb329e2c5c"
    },
    {
      "path": "head.html",
      "where": "internal",
      "type": "head",
      "hash": "8142917d3d35937998019c3935c56cf90aeed19f"
    }
  ]
}